{"test/loss": 0.7023201942443847, "_timestamp": 1697226881.2249303, "_runtime": 96.14308619499207, "_step": 1, "train/loss": 0.6914366821073136}